{"app":["/app-7420095eace22fc75d24.js"],"component---src-pages-404-js":["/component---src-pages-404-js-f206c8219020c4456c84.js"],"component---src-pages-about-js":["/component---src-pages-about-js-7d25cc06a816b3277459.js"],"component---src-pages-auth-login-js":["/component---src-pages-auth-login-js-deca5fbd9b74397ccae3.js"],"component---src-pages-auth-register-js":["/component---src-pages-auth-register-js-4821d0606798d006cedf.js"],"component---src-pages-cart-js":["/component---src-pages-cart-js-9dfca2e8e1cd3e077c3c.js"],"component---src-pages-category-js":["/component---src-pages-category-js-da6f124a6f20fa549863.js"],"component---src-pages-checkout-js":["/component---src-pages-checkout-js-6f994616e88946b93ad0.js"],"component---src-pages-index-js":["/component---src-pages-index-js-c1442a8748f296d53c5f.js"],"component---src-pages-legal-js":["/component---src-pages-legal-js-1ee1d043855243bd87cc.js"],"component---src-pages-product-js":[],"component---src-pages-results-js":["/component---src-pages-results-js-77baff81daa6e50dc291.js"],"component---src-pages-user-js":[]}