{"name":"build-javascript","namedChunkGroups":{"app":{"name":"app","assets":[{"name":"webpack-runtime-3b82206607af1466b389.js","size":4396},{"name":"framework-99b6e3ad162350adb1c9.js","size":141418},{"name":"styles.b566a85f3d7f97c66330.css","size":110},{"name":"app-7420095eace22fc75d24.js","size":919564}],"filteredAssets":0,"assetsSize":1065488,"filteredAuxiliaryAssets":3,"auxiliaryAssetsSize":3578962},"component---src-pages-404-js":{"name":"component---src-pages-404-js","assets":[{"name":"component---src-pages-404-js-f206c8219020c4456c84.js","size":1091}],"filteredAssets":0,"assetsSize":1091,"filteredAuxiliaryAssets":1,"auxiliaryAssetsSize":3001},"component---src-pages-about-js":{"name":"component---src-pages-about-js","assets":[{"name":"component---src-pages-about-js-7d25cc06a816b3277459.js","size":8571}],"filteredAssets":0,"assetsSize":8571,"filteredAuxiliaryAssets":1,"auxiliaryAssetsSize":20569},"component---src-pages-auth-login-js":{"name":"component---src-pages-auth-login-js","assets":[{"name":"component---src-pages-auth-login-js-deca5fbd9b74397ccae3.js","size":3949}],"filteredAssets":0,"assetsSize":3949,"filteredAuxiliaryAssets":1,"auxiliaryAssetsSize":12582},"component---src-pages-auth-register-js":{"name":"component---src-pages-auth-register-js","assets":[{"name":"component---src-pages-auth-register-js-4821d0606798d006cedf.js","size":7266}],"filteredAssets":0,"assetsSize":7266,"filteredAuxiliaryAssets":1,"auxiliaryAssetsSize":23932},"component---src-pages-cart-js":{"name":"component---src-pages-cart-js","assets":[{"name":"component---src-pages-cart-js-9dfca2e8e1cd3e077c3c.js","size":5960}],"filteredAssets":0,"assetsSize":5960,"filteredAuxiliaryAssets":1,"auxiliaryAssetsSize":20643},"component---src-pages-category-js":{"name":"component---src-pages-category-js","assets":[{"name":"b5addb3de136ad562aafc33db27e07675c07225f-df78fa8d7d72e935baad.js","size":44646},{"name":"component---src-pages-category-js-da6f124a6f20fa549863.js","size":379}],"filteredAssets":0,"assetsSize":45025,"filteredAuxiliaryAssets":2,"auxiliaryAssetsSize":176827},"component---src-pages-checkout-js":{"name":"component---src-pages-checkout-js","assets":[{"name":"component---src-pages-checkout-js-6f994616e88946b93ad0.js","size":16264}],"filteredAssets":0,"assetsSize":16264,"filteredAuxiliaryAssets":1,"auxiliaryAssetsSize":54721},"component---src-pages-index-js":{"name":"component---src-pages-index-js","assets":[{"name":"component---src-pages-index-js-c1442a8748f296d53c5f.js","size":7772}],"filteredAssets":0,"assetsSize":7772,"filteredAuxiliaryAssets":1,"auxiliaryAssetsSize":23511},"component---src-pages-legal-js":{"name":"component---src-pages-legal-js","assets":[{"name":"component---src-pages-legal-js-1ee1d043855243bd87cc.js","size":15870}],"filteredAssets":0,"assetsSize":15870,"filteredAuxiliaryAssets":1,"auxiliaryAssetsSize":37120},"component---src-pages-product-js":{"name":"component---src-pages-product-js","assets":[],"filteredAssets":0,"assetsSize":0,"filteredAuxiliaryAssets":0,"auxiliaryAssetsSize":0},"component---src-pages-results-js":{"name":"component---src-pages-results-js","assets":[{"name":"b5addb3de136ad562aafc33db27e07675c07225f-df78fa8d7d72e935baad.js","size":44646},{"name":"component---src-pages-results-js-77baff81daa6e50dc291.js","size":361}],"filteredAssets":0,"assetsSize":45007,"filteredAuxiliaryAssets":2,"auxiliaryAssetsSize":176785},"component---src-pages-user-js":{"name":"component---src-pages-user-js","assets":[],"filteredAssets":0,"assetsSize":0,"filteredAuxiliaryAssets":0,"auxiliaryAssetsSize":0}},"assetsByChunkName":{"app":["webpack-runtime-3b82206607af1466b389.js","framework-99b6e3ad162350adb1c9.js","styles.b566a85f3d7f97c66330.css","app-7420095eace22fc75d24.js"],"component---src-pages-404-js":["component---src-pages-404-js-f206c8219020c4456c84.js"],"component---src-pages-about-js":["component---src-pages-about-js-7d25cc06a816b3277459.js"],"component---src-pages-auth-login-js":["component---src-pages-auth-login-js-deca5fbd9b74397ccae3.js"],"component---src-pages-auth-register-js":["component---src-pages-auth-register-js-4821d0606798d006cedf.js"],"component---src-pages-cart-js":["component---src-pages-cart-js-9dfca2e8e1cd3e077c3c.js"],"component---src-pages-category-js":["b5addb3de136ad562aafc33db27e07675c07225f-df78fa8d7d72e935baad.js","component---src-pages-category-js-da6f124a6f20fa549863.js"],"component---src-pages-checkout-js":["component---src-pages-checkout-js-6f994616e88946b93ad0.js"],"component---src-pages-index-js":["component---src-pages-index-js-c1442a8748f296d53c5f.js"],"component---src-pages-legal-js":["component---src-pages-legal-js-1ee1d043855243bd87cc.js"],"component---src-pages-product-js":[],"component---src-pages-results-js":["b5addb3de136ad562aafc33db27e07675c07225f-df78fa8d7d72e935baad.js","component---src-pages-results-js-77baff81daa6e50dc291.js"],"component---src-pages-user-js":[]},"childAssetsByChunkName":{}}